
import static org.junit.Assert.assertEquals;
import org.junit.Test;

public class CaverphoneTest {

    @Test
    public void testCaverphoneEncodesEndingMBCorrectly() {
        Caverphone caverphone = new Caverphone();
        
        // Input name that ends with "mb"
        String inputName = "Thumb";
        
        // According to the spec, "mb" at the end should be encoded to "m2"
        // So, the expected output should reflect this transformation
        String expectedEncoding = "Thum2"; // Example of expected encoding
        
        // Actual encoding using the Caverphone implementation
        String actualEncoding = caverphone.encode(inputName);
        
        // Assert that the actual encoding matches the expected encoding
        assertEquals("Caverphone encoding of names ending in 'mb' was incorrect.",
                     expectedEncoding, actualEncoding);
    }
    
    private class Caverphone {
        public String encode(String name) {
            // Incorrect implementation possibly here, supposed to demonstrate bug reproduction.
            // Replace with the actual encoding logic or refer to your current implementation.
            if (name.endsWith("mb")) {
                name = name.substring(0, name.length() - 2) + "m2";
            }
            return name;
        }
    }
}
